{"stat.mineBlock.1":5,"stat.useItem.89":1,"stat.useItem.46":14,"achievement.openInventory":182,"stat.useItem.3":1,"achievement.exploreAllBiomes":{"value":0,"progress":["Desert"]},"stat.useItem.323":16,"stat.craftItem.58":1,"stat.useItem.16":3,"stat.flyOneCm":39104,"achievement.buildWorkBench":1,"stat.useItem.10":1,"achievement.buildPickaxe":4,"stat.mineBlock.155":1,"stat.drop":7,"achievement.enterPlasmaticAge":1,"stat.craftItem.270":1,"stat.useItem.155":231,"stat.useItem.76":6,"stat.useItem.383":49,"achievement.mineWood":2,"stat.mineBlock.17":4,"achievement.buildBetterPickaxe":2,"stat.playOneMinute":160567,"stat.useItem.278":5,"stat.useItem.17":5,"stat.useItem.61":1,"stat.mineBlock.12":4,"stat.jump":187,"stat.useItem.58":1,"stat.useItem.1":7,"stat.useItem.42":20,"stat.useItem.12":36,"stat.walkOneCm":222685,"stat.craftItem.274":1}